species,decimalLatitude,decimalLongitude,year,basisOfRecord,habitat,samplingProtocol,locality,occurrenceStatus,iucnRedListCategory,presencia
Puma concolor,3.537326,-72.440003,2011.0,0,0,0,75,0,0,1
Puma concolor,4.029,-71.946,2011.0,0,0,0,30,0,0,1
Puma concolor,3.537326,-72.440003,2011.0,0,0,0,75,0,0,1
Panthera onca,3.69696,-73.153653,2011.0,0,0,0,4,0,1,1
Puma concolor,3.531515,-73.402054,2011.0,0,0,0,80,0,0,1
Puma concolor,4.076992,-72.820701,2011.0,0,0,0,108,0,0,1
Puma concolor,3.624423,-73.149157,2011.0,0,0,0,10,0,0,1
Puma concolor,3.934555,-72.337708,2011.0,0,0,0,88,0,0,1
Puma concolor,3.810341,-72.608264,2011.0,0,0,0,90,0,0,1
Puma concolor,4.163745,-72.358803,2011.0,0,0,0,36,0,0,1
Puma concolor,4.167199,-73.69354,2011.0,0,0,0,6,0,0,1
Panthera onca,3.537326,-72.440003,2011.0,0,0,0,75,0,1,1
Puma concolor,3.977191,-72.693092,2011.0,0,0,0,106,0,0,1
Panthera onca,3.570986,-73.457907,2011.0,0,0,0,45,0,1,1
Puma concolor,3.561544,-72.672695,2011.0,0,0,0,73,0,0,1
Panthera onca,3.537326,-72.440003,2011.0,0,0,0,75,0,1,1
Puma concolor,3.536348,-73.425311,2011.0,0,0,0,82,0,0,1
Puma concolor,3.91304,-72.661679,2011.0,0,0,0,87,0,0,1
Puma concolor,4.15,-73.6,2011.0,0,0,0,102,0,0,1
Puma concolor,3.27006,-72.903524,2011.0,0,0,0,2,0,0,1
Puma concolor,3.537326,-72.440003,2011.0,0,0,0,75,0,0,1
Puma concolor,4.055088,-72.885436,2011.0,0,0,0,60,0,0,1
Puma concolor,4.03722,-72.162993,2011.0,0,0,0,89,0,0,1
Panthera onca,4.017353,-72.945979,2011.0,0,0,0,64,0,1,1
Puma concolor,4.066542,-72.302238,2011.0,0,0,0,38,0,0,1
Puma concolor,3.857307,-72.726225,2011.0,0,0,0,31,0,0,1
Puma concolor,3.80518,-72.721431,2011.0,0,0,0,14,0,0,1
Puma concolor,4.190973,-72.431705,2011.0,0,0,0,46,0,0,1
Puma concolor,3.775014,-72.513023,2011.0,0,0,0,15,0,0,1
Puma concolor,3.775014,-72.513023,2011.0,0,0,0,26,0,0,1
Panthera onca,3.824689,-72.542453,2011.0,0,0,0,49,0,1,1
Puma concolor,4.05139,-72.899301,2011.0,0,0,0,59,0,0,1
Puma concolor,4.020962,-72.943035,2011.0,0,0,0,63,0,0,1
Puma concolor,4.119642,-72.688989,2011.0,0,0,0,33,0,0,1
Panthera onca,4.03722,-72.162993,2011.0,0,0,0,89,0,1,1
Panthera onca,4.15745,-73.699844,2011.0,0,0,0,5,0,1,1
Puma concolor,3.585992,-73.340756,2011.0,0,0,0,79,0,0,1
Panthera onca,4.167199,-73.69354,2011.0,0,0,0,6,0,1,1
Puma concolor,3.470651,-72.544368,2011.0,0,0,0,93,0,0,1
Puma concolor,3.503398,-73.369891,2011.0,0,0,0,78,0,0,1
Puma concolor,3.507912,-73.355124,2011.0,0,0,0,81,0,0,1
Puma concolor,3.924213,-72.506069,2011.0,0,0,0,91,0,0,1
Puma concolor,4.096175,-72.820388,2011.0,0,0,0,107,0,0,1
Panthera onca,3.531515,-73.402054,2011.0,0,0,0,80,0,1,1
Puma concolor,3.531515,-73.402054,2011.0,0,0,0,80,0,0,1
Panthera onca,3.531515,-73.402054,2011.0,0,0,0,80,0,1,1
Panthera onca,3.810341,-72.608264,2011.0,0,0,0,90,0,1,1
Puma concolor,3.531515,-73.402054,2011.0,0,0,0,80,0,0,1
Panthera onca,4.09235,-72.803689,2011.0,0,0,0,109,0,1,1
Puma concolor,3.512539,-72.798202,2011.0,0,0,0,74,0,0,1
Puma concolor,3.452407,-72.511963,2011.0,0,0,0,95,0,0,1
Puma concolor,4.15745,-73.699844,2011.0,0,0,0,5,0,0,1
Panthera onca,3.531515,-73.402054,2011.0,0,0,0,80,0,1,1
Puma concolor,3.994097,-72.846443,2011.0,0,0,0,13,0,0,1
Puma concolor,4.167054,-72.335192,2011.0,0,0,0,43,0,0,1
Puma concolor,3.824689,-72.542453,2011.0,0,0,0,49,0,0,1
Puma concolor,3.745701,-72.429626,2011.0,0,0,0,23,0,0,1
Puma concolor,4.167054,-72.335192,2011.0,0,0,0,43,0,0,1
Puma concolor,3.755974,-72.477901,2011.0,0,0,0,16,0,0,1
Panthera onca,3.841915,-72.63201,2011.0,0,0,0,53,0,1,1
Puma concolor,3.824689,-72.542453,2011.0,0,0,0,49,0,0,1
Puma concolor,4.0204,-72.942496,2011.0,0,0,0,63,0,0,1
Puma concolor,3.705405,-72.418407,2011.0,0,0,0,18,0,0,1
Puma concolor,4.044013,-72.885411,2011.0,0,0,0,62,0,0,1
Puma concolor,3.820359,-72.977099,2011.0,0,0,0,52,0,0,1
Puma concolor,4.017353,-72.945979,2011.0,0,0,0,64,0,0,1
Puma concolor,4.027546,-72.863109,2011.0,0,0,0,61,0,0,1
Puma concolor,3.824689,-72.542453,2011.0,0,0,0,49,0,0,1
Puma concolor,4.135297,-72.289803,2011.0,0,0,0,40,0,0,1
Panthera onca,4.198196,-72.445877,2011.0,0,0,0,101,0,1,1
Puma concolor,4.007995,-72.913772,2011.0,0,0,0,64,0,0,1
Puma concolor,3.858002,-72.504239,2011.0,0,0,0,48,0,0,1
Puma concolor,4.164615,-72.343652,2011.0,0,0,0,44,0,0,1
Puma concolor,3.841915,-72.63201,2011.0,0,0,0,53,0,0,1
Puma concolor,3.714567,-72.417868,2011.0,0,0,0,22,0,0,1
Panthera onca,4.190973,-72.431705,2011.0,0,0,0,46,0,1,1
Puma concolor,4.032437,-72.936596,2011.0,0,0,0,63,0,0,1
Puma concolor,4.025083,-72.885802,2011.0,0,0,0,57,0,0,1
Panthera onca,3.899235,-71.931156,2011.0,0,0,0,55,0,1,1
Panthera onca,3.621519,-73.900875,2011.0,0,0,0,99,0,1,1
Panthera onca,3.634763,-71.761631,2011.0,0,0,0,76,0,1,1
Puma concolor,4.114151,-71.989724,2011.0,0,0,0,100,0,0,1
Puma concolor,4.633628,-71.562081,2011.0,0,0,0,70,0,0,1
Puma concolor,3.621519,-73.900875,2011.0,0,0,0,99,0,0,1
Panthera onca,3.485469,-71.373363,2011.0,0,0,0,77,0,1,1
Panthera onca,3.485469,-71.373363,2011.0,0,0,0,77,0,1,1
Panthera onca,3.615064,-73.89639,2011.0,0,0,0,99,0,1,1
Panthera onca,3.899235,-71.931156,2011.0,0,0,0,55,0,1,1
Puma concolor,4.563219,-71.655472,2011.0,0,0,0,86,0,0,1
Puma concolor,4.606237,-71.620804,2011.0,0,0,0,83,0,0,1
Puma concolor,4.606237,-71.620804,2011.0,0,0,0,72,0,0,1
Puma concolor,4.17334,-72.075761,2011.0,0,0,0,103,0,0,1
Puma concolor,3.686575,-72.282084,2011.0,0,0,0,11,0,0,1
Panthera onca,3.634763,-71.761631,2011.0,0,0,0,76,0,1,1
Panthera onca,4.563219,-71.655472,2011.0,0,0,0,86,0,1,1
Puma concolor,4.633628,-71.562081,2011.0,0,0,0,70,0,0,1
Puma concolor,4.369577,-72.04922,2011.0,0,0,0,65,0,0,1
Puma concolor,3.615064,-73.89639,2011.0,0,0,0,99,0,0,1
Panthera onca,3.621519,-73.900875,2011.0,0,0,0,99,0,1,1
Panthera onca,3.485469,-71.373363,2011.0,0,0,0,77,0,1,1
Puma concolor,4.543956,-71.549171,2011.0,0,0,0,68,0,0,1
Puma concolor,4.476988,-71.711632,2011.0,0,0,0,67,0,0,1
Panthera onca,4.592994,-71.621656,2011.0,0,0,0,84,0,1,1
Puma concolor,3.570986,-73.457907,2011.0,0,0,0,45,0,0,1
Panthera onca,3.624423,-73.149157,2011.0,0,0,0,10,0,1,1
Puma concolor,4.09235,-72.803689,2011.0,0,0,0,109,0,0,1
Puma concolor,3.50019,-72.450278,2011.0,0,0,0,94,0,0,1
Puma concolor,4.171104,-73.654799,2011.0,0,0,0,96,0,0,1
Panthera onca,3.679461,-73.637869,2011.0,0,0,0,47,0,1,1
Puma concolor,3.512539,-72.798202,2011.0,0,0,0,74,0,0,1
Puma concolor,4.111591,-72.827936,2011.0,0,0,0,110,0,0,1
Panthera onca,3.536348,-73.425311,2011.0,0,0,0,82,0,1,1
Puma concolor,3.679461,-73.637869,2011.0,0,0,0,47,0,0,1
Panthera onca,3.433742,-72.942968,2011.0,0,0,0,3,0,1,1
Panthera onca,3.531515,-73.402054,2011.0,0,0,0,80,0,1,1
Panthera onca,3.50019,-72.450278,2011.0,0,0,0,94,0,1,1
Panthera onca,3.369002,-72.627905,2011.0,0,0,0,92,0,1,1
Puma concolor,3.369002,-72.627905,2011.0,0,0,0,92,0,0,1
Puma concolor,3.531515,-73.402054,2011.0,0,0,0,80,0,0,1
Puma concolor,3.739762,-73.662517,2011.0,0,0,0,0,0,0,1
Puma concolor,3.69696,-73.153653,2011.0,0,0,0,4,0,0,1
Puma concolor,4.010608,-72.689038,2011.0,0,0,0,105,0,0,1
Puma concolor,4.111591,-72.827936,2011.0,0,0,0,110,0,0,1
Panthera onca,3.452407,-72.511963,2011.0,0,0,0,95,0,1,1
Puma concolor,3.770915,-72.462949,2011.0,0,0,0,29,0,0,1
Puma concolor,3.824689,-72.542453,2011.0,0,0,0,49,0,0,1
Puma concolor,4.119642,-72.688989,2011.0,0,0,0,33,0,0,1
Panthera onca,4.190973,-72.431705,2011.0,0,0,0,46,0,1,1
Puma concolor,4.006405,-72.903459,2011.0,0,0,0,64,0,0,1
Puma concolor,4.119642,-72.688989,2011.0,0,0,0,33,0,0,1
Puma concolor,4.119344,-72.685758,2011.0,0,0,0,34,0,0,1
Puma concolor,4.002314,-72.863238,2011.0,0,0,0,58,0,0,1
Panthera onca,3.824689,-72.542453,2011.0,0,0,0,49,0,1,1
Puma concolor,4.135643,-72.695397,2011.0,0,0,0,35,0,0,1
Puma concolor,4.141169,-72.239896,2011.0,0,0,0,41,0,0,1
Panthera onca,4.032437,-72.936596,2011.0,0,0,0,63,0,1,1
Puma concolor,3.753132,-72.454877,2011.0,0,0,0,24,0,0,1
Puma concolor,3.901279,-72.5722,2011.0,0,0,0,50,0,0,1
Puma concolor,3.86043,-72.761695,2011.0,0,0,0,51,0,0,1
Panthera onca,3.858002,-72.504239,2011.0,0,0,0,48,0,1,1
Puma concolor,3.770982,-72.489078,2011.0,0,0,0,21,0,0,1
Puma concolor,4.025083,-72.885802,2011.0,0,0,0,57,0,0,1
Puma concolor,3.753872,-72.430061,2011.0,0,0,0,27,0,0,1
Puma concolor,3.824689,-72.542453,2011.0,0,0,0,49,0,0,1
Puma concolor,4.055913,-72.946071,2011.0,0,0,0,56,0,0,1
Puma concolor,3.776775,-72.495017,2011.0,0,0,0,25,0,0,1
Puma concolor,3.802852,-72.672365,2011.0,0,0,0,20,0,0,1
Puma concolor,3.828699,-72.720595,2011.0,0,0,0,32,0,0,1
Panthera onca,3.820359,-72.977099,2011.0,0,0,0,52,0,1,1
Panthera onca,4.578634,-71.646235,2011.0,0,0,0,85,0,1,1
Puma concolor,4.592994,-71.621656,2011.0,0,0,0,84,0,0,1
Puma concolor,4.610093,-71.498947,2011.0,0,0,0,71,0,0,1
Puma concolor,3.563484,-71.752629,2011.0,0,0,0,1,0,0,1
Panthera onca,3.686575,-72.282084,2011.0,0,0,0,11,0,1,1
Panthera onca,3.563484,-71.752629,2011.0,0,0,0,1,0,1,1
Panthera onca,3.485469,-71.373363,2011.0,0,0,0,77,0,1,1
Puma concolor,3.606216,-73.88747,2011.0,0,0,0,99,0,0,1
Panthera onca,4.606237,-71.620804,2011.0,0,0,0,83,0,1,1
Panthera onca,3.619492,-73.892549,2011.0,0,0,0,99,0,1,1
Puma concolor,4.610093,-71.498947,2011.0,0,0,0,71,0,0,1
Panthera onca,3.563484,-71.752629,2011.0,0,0,0,1,0,1,1
Puma concolor,4.517226,-71.388946,2011.0,0,0,0,66,0,0,1
Panthera onca,3.608438,-73.884262,2011.0,0,0,0,99,0,1,1
Puma concolor,4.535381,-71.499409,2011.0,0,0,0,69,0,0,1
Puma concolor,4.578634,-71.646235,2011.0,0,0,0,85,0,0,1
Puma concolor,3.608438,-73.884262,2011.0,0,0,0,99,0,0,1
Puma concolor,3.628979,-73.876378,2011.0,0,0,0,99,0,0,1
Puma concolor,3.563484,-71.752629,2011.0,0,0,0,1,0,0,1
Puma concolor,3.634763,-71.761631,2011.0,0,0,0,76,0,0,1
Puma concolor,3.607218,-73.892762,2011.0,0,0,0,99,0,0,1
Puma concolor,3.619492,-73.892549,2011.0,0,0,0,99,0,0,1
Puma concolor,4.610093,-71.498947,2011.0,0,0,0,71,0,0,1
Puma concolor,3.634763,-71.761631,2011.0,0,0,0,76,0,0,1
Panthera onca,4.606237,-71.620804,2011.0,0,0,0,72,0,1,1
Puma concolor,4.009246,-72.911617,2011.0,0,0,0,64,0,0,1
Puma concolor,4.135297,-72.289803,2011.0,0,0,0,40,0,0,1
Puma concolor,4.19061,-72.33676,2011.0,0,0,0,37,0,0,1
Puma concolor,3.736891,-72.399549,2011.0,0,0,0,17,0,0,1
Puma concolor,4.208177,-72.347124,2011.0,0,0,0,42,0,0,1
Puma concolor,3.76627,-72.49745,2011.0,0,0,0,19,0,0,1
Panthera onca,3.756763,-72.280793,2011.0,0,0,0,9,0,1,1
Panthera onca,3.560771,-71.447016,2011.0,0,0,0,7,0,1,1
Puma concolor,3.895549,-72.754402,2011.0,0,0,0,54,0,0,1
Panthera onca,4.280748,-72.316827,2011.0,0,0,0,39,0,1,1
Puma concolor,3.560771,-71.447016,2011.0,0,0,0,7,0,0,1
Puma concolor,3.772599,-72.482325,2011.0,0,0,0,28,0,0,1
Puma concolor,4.119642,-72.688989,2011.0,0,0,0,33,0,0,1
Panthera onca,3.554069,-71.52892,2011.0,0,0,0,8,0,1,1
Panthera onca,3.554069,-71.52892,2011.0,0,0,0,8,0,1,1
Puma concolor,4.373403,-71.942883,2011.0,0,0,0,104,0,0,1
Puma concolor,3.645929,-73.91263,2011.0,0,0,0,98,0,0,1
Panthera onca,3.623849,-73.912954,2011.0,0,0,0,99,0,1,1
Puma concolor,3.621519,-73.900875,2011.0,0,0,0,99,0,0,1
Puma concolor,4.369577,-72.04922,2011.0,0,0,0,65,0,0,1
Panthera onca,3.563484,-71.752629,2011.0,0,0,0,1,0,1,1
Panthera onca,3.607218,-73.892762,2011.0,0,0,0,99,0,1,1
Puma concolor,4.731276,-71.402006,2011.0,0,0,0,97,0,0,1
Puma concolor,3.485469,-71.373363,2011.0,0,0,0,77,0,0,1
Puma concolor,4.610093,-71.498947,2011.0,0,0,0,71,0,0,1
Puma concolor,3.621519,-73.900875,2011.0,0,0,0,99,0,0,1
Puma concolor,3.621519,-73.900875,2011.0,0,0,0,99,0,0,1
Puma concolor,3.563484,-71.752629,2011.0,0,0,0,1,0,0,1
Puma concolor,3.623849,-73.912954,2011.0,0,0,0,99,0,0,1
Puma concolor,3.554069,-71.52892,2011.0,0,0,0,8,0,0,1
Puma concolor,3.756763,-72.280793,2011.0,0,0,0,9,0,0,1
Puma concolor,3.485469,-71.373363,2011.0,0,0,0,77,0,0,1
Puma concolor,3.546199,-72.284665,2011.0,0,0,0,12,0,0,1
Panthera onca,3.606216,-73.88747,2011.0,0,0,0,99,0,1,1
Panthera onca,3.645929,-73.91263,2011.0,0,0,0,98,0,1,1
Puma concolor,3.485469,-71.373363,2011.0,0,0,0,77,0,0,1
Puma concolor,3.595526,-73.903724,2011.0,0,0,0,99,0,0,1
Panthera onca,3.554069,-71.52892,2011.0,0,0,0,8,0,1,1
,4.467563147269898,-73.85205102027209,,1,1,1,111,1,2,0
,4.079192446329627,-72.62952207883288,,1,1,1,111,1,2,0
,3.880070500509777,-72.74818719405307,,1,1,1,111,1,2,0
,3.8994891944180052,-72.59268939773222,,1,1,1,111,1,2,0
,3.3675832149343017,-73.26526825355262,,1,1,1,111,1,2,0
,4.370661838213449,-73.68474555485895,,1,1,1,111,1,2,0
,3.4000654309834695,-73.38391867769062,,1,1,1,111,1,2,0
,4.494032366394354,-72.1820396973108,,1,1,1,111,1,2,0
,3.7819549293445567,-71.6525582672636,,1,1,1,111,1,2,0
,4.26196745635187,-72.15295011957201,,1,1,1,111,1,2,0
,3.3992612284434656,-73.40326171231001,,1,1,1,111,1,2,0
,3.4487667999232987,-72.65675469007687,,1,1,1,111,1,2,0
,4.538507739660551,-72.80391294263003,,1,1,1,111,1,2,0
,3.6714743762856568,-72.57169308491848,,1,1,1,111,1,2,0
,3.931432931166917,-72.39116696307364,,1,1,1,111,1,2,0
,3.5881557307331757,-71.80687024263108,,1,1,1,111,1,2,0
,4.435967795272834,-72.53723944859999,,1,1,1,111,1,2,0
,3.7546362089075647,-72.79441016369425,,1,1,1,111,1,2,0
,3.6382277938594845,-73.8872281135192,,1,1,1,111,1,2,0
,4.4384077923553225,-71.95560242746471,,1,1,1,111,1,2,0
,3.984100366391762,-72.26065715217929,,1,1,1,111,1,2,0
,3.8970790005149634,-73.68875217279289,,1,1,1,111,1,2,0
,4.360650692969396,-71.93413255073348,,1,1,1,111,1,2,0
,3.5846591004877277,-72.44110607257468,,1,1,1,111,1,2,0
,3.5958484354389486,-72.85744744911297,,1,1,1,111,1,2,0
,3.6399056610611336,-71.47135427073368,,1,1,1,111,1,2,0
,3.7262632328418466,-71.63485040743801,,1,1,1,111,1,2,0
,3.940662523860916,-72.47353636504162,,1,1,1,111,1,2,0
,3.5782071137550964,-71.6133812014055,,1,1,1,111,1,2,0
,4.307387485766371,-71.6699999456501,,1,1,1,111,1,2,0
,4.66745620840264,-72.1076262755212,,1,1,1,111,1,2,0
,4.422197413230964,-71.52619386849067,,1,1,1,111,1,2,0
,3.3117564372618546,-71.99217692009016,,1,1,1,111,1,2,0
,4.3210511088494705,-71.65931252566932,,1,1,1,111,1,2,0
,3.6290202546217585,-72.93720647228166,,1,1,1,111,1,2,0
,4.60468456803671,-71.83354368417179,,1,1,1,111,1,2,0
,3.7353964294414577,-73.2782813019525,,1,1,1,111,1,2,0
,4.053793887416069,-71.47272592462444,,1,1,1,111,1,2,0
,3.8622170680292216,-73.31012511456802,,1,1,1,111,1,2,0
,4.443425204313206,-72.85448080237364,,1,1,1,111,1,2,0
,4.615420658505161,-72.88171191982478,,1,1,1,111,1,2,0
,4.14313288686104,-72.9386348739429,,1,1,1,111,1,2,0
,3.69984010430561,-71.72600846298309,,1,1,1,111,1,2,0
,4.1508844972184376,-71.78806367175659,,1,1,1,111,1,2,0
,4.601222855208907,-73.2411384004642,,1,1,1,111,1,2,0
,4.506210016660523,-72.67183923032239,,1,1,1,111,1,2,0
,3.738792995290563,-73.17263161898612,,1,1,1,111,1,2,0
,4.2314180033781845,-72.32135686627922,,1,1,1,111,1,2,0
,3.971808125914527,-72.79880177435679,,1,1,1,111,1,2,0
,4.145577464538614,-72.04051670684863,,1,1,1,111,1,2,0
,4.121904547693874,-73.01536394773916,,1,1,1,111,1,2,0
,3.4301229218853653,-73.63085368200227,,1,1,1,111,1,2,0
,3.6266529140014283,-73.63115762770883,,1,1,1,111,1,2,0
,3.764543936272698,-73.54963665575589,,1,1,1,111,1,2,0
,4.072192436863421,-72.56707279836367,,1,1,1,111,1,2,0
,3.420994220964791,-73.22293917639016,,1,1,1,111,1,2,0
,3.6562709458449265,-72.25811940103397,,1,1,1,111,1,2,0
,3.796315250263655,-72.05109934904338,,1,1,1,111,1,2,0
,3.3113004883583548,-72.99933464682269,,1,1,1,111,1,2,0
,3.4329752991995064,-73.68670181049343,,1,1,1,111,1,2,0
,4.724452312305271,-73.45634049533392,,1,1,1,111,1,2,0
,3.6285949594006164,-73.37899404132388,,1,1,1,111,1,2,0
,3.5346685127032202,-72.6522916907056,,1,1,1,111,1,2,0
,3.963197499328709,-73.81521383490559,,1,1,1,111,1,2,0
,3.760863773987583,-73.54237531170929,,1,1,1,111,1,2,0
,3.9676719207025917,-72.51023726670407,,1,1,1,111,1,2,0
,3.8365486312755928,-72.83588747777176,,1,1,1,111,1,2,0
,3.5200849796795164,-71.8974998472489,,1,1,1,111,1,2,0
,4.510225435416287,-73.8179162999381,,1,1,1,111,1,2,0
,3.2722251319659166,-73.33711986959784,,1,1,1,111,1,2,0
,3.5568042540206557,-72.78466631465903,,1,1,1,111,1,2,0
,3.75498854361335,-73.83410670666547,,1,1,1,111,1,2,0
,3.385361494808897,-72.27009660391123,,1,1,1,111,1,2,0
,4.697753224657195,-73.36692180715126,,1,1,1,111,1,2,0
,4.345629122595805,-72.38435009677177,,1,1,1,111,1,2,0
,3.3607368486759865,-71.9550456497311,,1,1,1,111,1,2,0
,3.6220772569675193,-73.81142716774576,,1,1,1,111,1,2,0
,4.306111638504039,-72.9282754431122,,1,1,1,111,1,2,0
,3.639417217779767,-73.75800552132267,,1,1,1,111,1,2,0
,4.243237871951285,-73.60628729816436,,1,1,1,111,1,2,0
,3.7353944743750183,-73.00109309514184,,1,1,1,111,1,2,0
,4.506958031921268,-73.61124541954067,,1,1,1,111,1,2,0
,3.445335583245475,-71.37906040455064,,1,1,1,111,1,2,0
,4.261245125530725,-72.51781868366444,,1,1,1,111,1,2,0
,4.353009813564748,-73.33252337070061,,1,1,1,111,1,2,0
,4.367323079082851,-72.63939409586581,,1,1,1,111,1,2,0
,4.17901631464145,-73.73907273646962,,1,1,1,111,1,2,0
,3.9426062364354806,-72.03466215250319,,1,1,1,111,1,2,0
,3.7652063452398865,-72.09140850892341,,1,1,1,111,1,2,0
,3.8137358157993693,-73.1442852071715,,1,1,1,111,1,2,0
,4.4564451913422705,-73.75486985357513,,1,1,1,111,1,2,0
,4.047076291792533,-72.4413853646199,,1,1,1,111,1,2,0
,3.5970307664923156,-71.701023763228,,1,1,1,111,1,2,0
,4.551317916751886,-73.32569642676505,,1,1,1,111,1,2,0
,4.3291906264132285,-73.29907652196744,,1,1,1,111,1,2,0
,3.314641456951854,-73.35453033019365,,1,1,1,111,1,2,0
,4.70746808732291,-71.49855342124529,,1,1,1,111,1,2,0
,4.004426076054661,-72.09799980412886,,1,1,1,111,1,2,0
,4.616380414612987,-73.3504227827091,,1,1,1,111,1,2,0
,3.8341264594100437,-72.21705770314745,,1,1,1,111,1,2,0
,4.630952613615003,-72.87326507871863,,1,1,1,111,1,2,0
,4.638821693897778,-71.5065271872358,,1,1,1,111,1,2,0
,3.9264488397470574,-73.65389992202195,,1,1,1,111,1,2,0
,3.3007844494731455,-72.92892877240303,,1,1,1,111,1,2,0
,3.558410816620501,-73.29376458561818,,1,1,1,111,1,2,0
,3.7182922607610016,-73.8754210542353,,1,1,1,111,1,2,0
,3.615533284178101,-73.74263423987226,,1,1,1,111,1,2,0
,3.9045123125622916,-72.33250612700795,,1,1,1,111,1,2,0
,3.332466861942792,-72.08767574034998,,1,1,1,111,1,2,0
,3.6140205904173217,-72.96069752018134,,1,1,1,111,1,2,0
,3.6843032888377154,-72.3880257985438,,1,1,1,111,1,2,0
,3.522918725609915,-71.71392628427058,,1,1,1,111,1,2,0
,3.98243329303381,-72.30635684668123,,1,1,1,111,1,2,0
,4.090695035871564,-71.71504919589495,,1,1,1,111,1,2,0
,4.71502519572037,-73.67814901511285,,1,1,1,111,1,2,0
,3.61734970190359,-73.79186991850305,,1,1,1,111,1,2,0
,3.981926036998388,-72.37597870203211,,1,1,1,111,1,2,0
,4.270874575763639,-71.70594799331757,,1,1,1,111,1,2,0
,3.4427313815569733,-73.83222982227501,,1,1,1,111,1,2,0
,3.8040667642248396,-73.8050999772366,,1,1,1,111,1,2,0
,3.5237296564462435,-72.18645371429554,,1,1,1,111,1,2,0
,4.276570519070205,-71.78231893423195,,1,1,1,111,1,2,0
,4.604555082074812,-71.616474696288,,1,1,1,111,1,2,0
,3.407883229234387,-72.37748122132815,,1,1,1,111,1,2,0
,3.9241340592428418,-73.25636471157424,,1,1,1,111,1,2,0
,4.724799018959835,-73.43576568448947,,1,1,1,111,1,2,0
,4.351895017707448,-71.42520061136062,,1,1,1,111,1,2,0
,4.365950331549811,-73.87850893251769,,1,1,1,111,1,2,0
,3.3332549164180487,-73.53001008796109,,1,1,1,111,1,2,0
,4.2695147739547625,-73.1611141323353,,1,1,1,111,1,2,0
,4.513619293798374,-72.81778715252263,,1,1,1,111,1,2,0
,3.4399605202675523,-73.63242911277894,,1,1,1,111,1,2,0
,4.5470683627147945,-73.5513033018339,,1,1,1,111,1,2,0
,3.7359347784293973,-71.82346964041837,,1,1,1,111,1,2,0
,3.50402520882072,-73.5840902668004,,1,1,1,111,1,2,0
,4.131726537214047,-72.46467048430844,,1,1,1,111,1,2,0
,3.92357282037012,-73.18918262330985,,1,1,1,111,1,2,0
,3.815896287866014,-71.9929461632639,,1,1,1,111,1,2,0
,3.84608983369764,-72.73443613209365,,1,1,1,111,1,2,0
,3.503049902670876,-72.53827969856428,,1,1,1,111,1,2,0
,4.377101086291291,-72.44570036320711,,1,1,1,111,1,2,0
,3.9857016835489327,-73.72699303209072,,1,1,1,111,1,2,0
,4.631841551732922,-72.13781080543136,,1,1,1,111,1,2,0
,4.4829899075069415,-71.87150355415334,,1,1,1,111,1,2,0
,3.403109574474842,-71.61438959216163,,1,1,1,111,1,2,0
,3.5306827955482745,-72.00907311936655,,1,1,1,111,1,2,0
,4.355601802517728,-72.31348436287958,,1,1,1,111,1,2,0
,3.3177475202984414,-71.43885014664576,,1,1,1,111,1,2,0
,4.608912726199207,-72.88705674868568,,1,1,1,111,1,2,0
,4.672425322736931,-72.610347588674,,1,1,1,111,1,2,0
,4.476718343411155,-72.13260395951863,,1,1,1,111,1,2,0
,3.9866546215090217,-73.70482109645394,,1,1,1,111,1,2,0
,3.6760590812898344,-72.745330722556,,1,1,1,111,1,2,0
,4.601185241350714,-73.88077490420314,,1,1,1,111,1,2,0
,3.9113483031816627,-73.2396742525324,,1,1,1,111,1,2,0
,3.817776427315538,-73.07555437422029,,1,1,1,111,1,2,0
,3.4582965878903926,-71.65549268230913,,1,1,1,111,1,2,0
,4.616201284083214,-73.21689311117936,,1,1,1,111,1,2,0
,3.734417485947836,-72.48705680237063,,1,1,1,111,1,2,0
,4.662539564682506,-71.93905533248042,,1,1,1,111,1,2,0
,3.935976778758863,-73.14446776574924,,1,1,1,111,1,2,0
,3.9336736097642664,-72.16210180609816,,1,1,1,111,1,2,0
,3.9104736847554626,-72.88027368196369,,1,1,1,111,1,2,0
,4.542049108375203,-72.60770958221492,,1,1,1,111,1,2,0
,3.78699077269546,-72.86681043714464,,1,1,1,111,1,2,0
,4.529082229678993,-71.40349171369203,,1,1,1,111,1,2,0
,3.7640665758692786,-72.04796988533846,,1,1,1,111,1,2,0
,3.526326188354045,-73.03103336895762,,1,1,1,111,1,2,0
,3.4712791681081647,-71.955417452691,,1,1,1,111,1,2,0
,4.028179829367487,-73.86942688168806,,1,1,1,111,1,2,0
,3.960103711183077,-73.44861880076618,,1,1,1,111,1,2,0
,4.091191252221217,-73.17362884711109,,1,1,1,111,1,2,0
,4.520169358561102,-73.33467456234449,,1,1,1,111,1,2,0
,3.3052695861693198,-73.24510857489558,,1,1,1,111,1,2,0
,4.512495026193428,-72.76084978995056,,1,1,1,111,1,2,0
,4.229682374924883,-72.31301936488094,,1,1,1,111,1,2,0
,3.872768606893487,-73.83149489967721,,1,1,1,111,1,2,0
,4.320606609946329,-72.4520373722025,,1,1,1,111,1,2,0
,4.350633182258507,-73.04966429239887,,1,1,1,111,1,2,0
,4.064237228984543,-72.58939876397557,,1,1,1,111,1,2,0
,3.5659510372464975,-72.11662772398262,,1,1,1,111,1,2,0
,3.2955217401413224,-73.78513446555425,,1,1,1,111,1,2,0
,4.50330627418494,-73.82066395783042,,1,1,1,111,1,2,0
,4.502204405109568,-72.13792243141287,,1,1,1,111,1,2,0
,4.323337660883093,-72.82081568183102,,1,1,1,111,1,2,0
,3.3204542580393737,-72.01154804716339,,1,1,1,111,1,2,0
,4.4976349632528025,-73.35915018290937,,1,1,1,111,1,2,0
,4.365140483953984,-73.58185653657861,,1,1,1,111,1,2,0
,4.201773637748481,-71.82575664563583,,1,1,1,111,1,2,0
,4.0709470919775255,-71.50781735523024,,1,1,1,111,1,2,0
,4.165405570002028,-73.38595250352834,,1,1,1,111,1,2,0
,4.406056661421333,-72.64431537608976,,1,1,1,111,1,2,0
,3.353011345826254,-73.10354954215042,,1,1,1,111,1,2,0
,3.5154962087297528,-71.9859352566256,,1,1,1,111,1,2,0
,4.241603024796577,-71.685824961431,,1,1,1,111,1,2,0
,3.961867829815534,-72.19260600241213,,1,1,1,111,1,2,0
,4.158426833954003,-72.13483632945766,,1,1,1,111,1,2,0
,4.6623369224034,-71.4630242070595,,1,1,1,111,1,2,0
,3.429239694808833,-71.40024336246614,,1,1,1,111,1,2,0
,3.8465970827295237,-73.22957254798789,,1,1,1,111,1,2,0
,4.215599116715726,-73.8317235827534,,1,1,1,111,1,2,0
,3.435122607972553,-72.86829123671691,,1,1,1,111,1,2,0
,3.2770446707241763,-73.37363773070165,,1,1,1,111,1,2,0
,3.6230786692249772,-73.86944468958909,,1,1,1,111,1,2,0
,4.018822720998564,-71.76254465284038,,1,1,1,111,1,2,0
,4.648336521502307,-72.207034972685,,1,1,1,111,1,2,0
,3.851203076986133,-72.41545747395845,,1,1,1,111,1,2,0
,3.736622178160165,-71.72629515198027,,1,1,1,111,1,2,0
,3.5940898927450387,-71.92983608981918,,1,1,1,111,1,2,0
,4.53270507382853,-71.4528476384677,,1,1,1,111,1,2,0
,3.54791064702306,-72.77232619605952,,1,1,1,111,1,2,0
,4.055912322242746,-73.15936053050665,,1,1,1,111,1,2,0
,3.6531579885320475,-72.58062987674455,,1,1,1,111,1,2,0
,3.5835973731803596,-71.79018468537805,,1,1,1,111,1,2,0
,3.5375511125438783,-72.22007800108972,,1,1,1,111,1,2,0
,4.483254184307816,-72.85928977780206,,1,1,1,111,1,2,0
,4.6722597626192215,-71.42247807083263,,1,1,1,111,1,2,0
,3.91282814214912,-71.87541917027221,,1,1,1,111,1,2,0
,3.3330052021377563,-72.80867136144683,,1,1,1,111,1,2,0
,4.333757424756289,-72.87105363111722,,1,1,1,111,1,2,0
,3.4483553184292477,-73.32985640781176,,1,1,1,111,1,2,0
,4.500622337748758,-72.74046054592742,,1,1,1,111,1,2,0
,3.445592587680583,-73.05938940264589,,1,1,1,111,1,2,0
,4.620392120419273,-73.65255502082675,,1,1,1,111,1,2,0
,3.7747408268465428,-71.84183847894602,,1,1,1,111,1,2,0
,3.832129626363406,-71.3871513826743,,1,1,1,111,1,2,0
,4.375994145089101,-73.04550755035658,,1,1,1,111,1,2,0
,3.4189326147052865,-73.19111079666261,,1,1,1,111,1,2,0
,4.13668299332311,-72.3181544432152,,1,1,1,111,1,2,0
,3.931741662949945,-73.48963297502179,,1,1,1,111,1,2,0
,3.788510736683496,-73.65817626350179,,1,1,1,111,1,2,0
,4.09695170990485,-72.30668691601852,,1,1,1,111,1,2,0
,3.41882806876247,-73.44171921338476,,1,1,1,111,1,2,0
,4.322685956832617,-73.1233272531648,,1,1,1,111,1,2,0
,3.4923979980439634,-72.09811042737996,,1,1,1,111,1,2,0
,3.923051020838017,-73.62853646152818,,1,1,1,111,1,2,0
,3.487077956857696,-72.47421106301049,,1,1,1,111,1,2,0
,4.271331939491116,-71.91395940058077,,1,1,1,111,1,2,0
,4.241076038411713,-72.82543068692466,,1,1,1,111,1,2,0
,3.4800222446720146,-73.57297420815094,,1,1,1,111,1,2,0
,3.6188360050273065,-73.73588316418022,,1,1,1,111,1,2,0
,4.492848060461886,-72.6271851648534,,1,1,1,111,1,2,0
,3.718664944930443,-72.82322707713693,,1,1,1,111,1,2,0
,3.8644634548415038,-72.89466742807089,,1,1,1,111,1,2,0
,4.45434424881139,-73.3183026124613,,1,1,1,111,1,2,0
,3.4019362206457386,-73.60003875717548,,1,1,1,111,1,2,0
,4.173819996917884,-72.27506537160534,,1,1,1,111,1,2,0
,3.5301665395583988,-73.89986917947701,,1,1,1,111,1,2,0
,4.157284907591897,-71.76012322258674,,1,1,1,111,1,2,0
,4.390131404182605,-72.02801621923896,,1,1,1,111,1,2,0
,3.682168655567084,-72.07383049767702,,1,1,1,111,1,2,0
,4.663668813519789,-73.37064783450704,,1,1,1,111,1,2,0
,3.9880151481065997,-72.72269173774288,,1,1,1,111,1,2,0
,3.8323707583152586,-73.89777342968387,,1,1,1,111,1,2,0
,4.367829294060236,-72.98372859219677,,1,1,1,111,1,2,0
,4.484520060538042,-72.7769202234946,,1,1,1,111,1,2,0
,3.67221017583627,-72.02649608935903,,1,1,1,111,1,2,0
,4.550632525287016,-73.01736693930424,,1,1,1,111,1,2,0
,4.628822552005342,-73.40615568530086,,1,1,1,111,1,2,0
,4.273467341257596,-73.61696273750508,,1,1,1,111,1,2,0
,3.4456876904747746,-71.54315941988001,,1,1,1,111,1,2,0
,3.5580767438580576,-72.9316784494559,,1,1,1,111,1,2,0
,4.107818397401393,-71.68292755863544,,1,1,1,111,1,2,0
,4.693137358031067,-71.84897526942875,,1,1,1,111,1,2,0
,3.3825327910482823,-72.71787458236024,,1,1,1,111,1,2,0
,3.372221402880125,-72.13174680369143,,1,1,1,111,1,2,0
,3.629824168301508,-73.1183998868922,,1,1,1,111,1,2,0
,3.5445799626251846,-73.71129152901607,,1,1,1,111,1,2,0
,3.906315706708949,-73.85615273091572,,1,1,1,111,1,2,0
,3.7246616112400033,-72.7825407906578,,1,1,1,111,1,2,0
,3.821342391881184,-71.99994501077941,,1,1,1,111,1,2,0
,4.409779988174907,-73.83359594134197,,1,1,1,111,1,2,0
,4.222795818590386,-72.4758358169822,,1,1,1,111,1,2,0
,3.7976009543920597,-71.52182625334379,,1,1,1,111,1,2,0
,3.5543989291911533,-72.02627280299075,,1,1,1,111,1,2,0
,4.39596741096413,-73.65866765701503,,1,1,1,111,1,2,0
,3.6280419458571123,-73.79985999866547,,1,1,1,111,1,2,0
,4.387912963993882,-72.21539815068813,,1,1,1,111,1,2,0
,4.403192711861973,-71.8745444788359,,1,1,1,111,1,2,0
,3.496313016554906,-72.7024382166627,,1,1,1,111,1,2,0
,4.6217513219614155,-71.55413566531927,,1,1,1,111,1,2,0
,4.329358107024639,-73.74163380487703,,1,1,1,111,1,2,0
,3.460524036733912,-71.89376683102577,,1,1,1,111,1,2,0
,4.320244654611718,-71.64940455729528,,1,1,1,111,1,2,0
,4.468922148339723,-72.50384154020219,,1,1,1,111,1,2,0
,4.148753098111415,-72.16883141511866,,1,1,1,111,1,2,0
,4.064822370148087,-73.65084487245394,,1,1,1,111,1,2,0
,4.18860217303216,-73.81079126965334,,1,1,1,111,1,2,0
,3.9530947605520184,-71.81033849197385,,1,1,1,111,1,2,0
,4.331943813388321,-73.57897980076694,,1,1,1,111,1,2,0
,3.8049074014436526,-73.0194113077935,,1,1,1,111,1,2,0
,3.488186445059209,-72.22805327207726,,1,1,1,111,1,2,0
,4.182511135290695,-72.9818085973895,,1,1,1,111,1,2,0
,4.686037143897154,-72.7340978741781,,1,1,1,111,1,2,0
,3.4745166264689846,-71.89776187962961,,1,1,1,111,1,2,0
,4.62082581466691,-72.1645652079212,,1,1,1,111,1,2,0
,4.328383358412792,-73.44528109518228,,1,1,1,111,1,2,0
,3.806389849642666,-72.8108652517256,,1,1,1,111,1,2,0
,4.642601351555736,-73.50998107573832,,1,1,1,111,1,2,0
,4.292247564908129,-72.70567103948034,,1,1,1,111,1,2,0
,4.252891663538564,-73.21153939985274,,1,1,1,111,1,2,0
,3.369447211322445,-72.95210833331534,,1,1,1,111,1,2,0
,4.060337538481241,-71.65298015381049,,1,1,1,111,1,2,0
,3.2896820745509427,-71.54174005350391,,1,1,1,111,1,2,0
,3.2863964960644583,-71.6821240097922,,1,1,1,111,1,2,0
,4.658162839653681,-73.15999259859284,,1,1,1,111,1,2,0
,3.678571236889936,-71.88805812796994,,1,1,1,111,1,2,0
,3.920955157181672,-71.69667471557413,,1,1,1,111,1,2,0
,4.626334188041013,-72.36814813443473,,1,1,1,111,1,2,0
,3.7667106244512265,-72.94741570536564,,1,1,1,111,1,2,0
,3.9225135145947005,-71.37507630486759,,1,1,1,111,1,2,0
,3.4143163826546075,-71.65081735231526,,1,1,1,111,1,2,0
,3.566674069833644,-71.8959393405303,,1,1,1,111,1,2,0
,3.517052832975862,-73.49118907302352,,1,1,1,111,1,2,0
,3.976389192507207,-71.69315998450372,,1,1,1,111,1,2,0
,4.323011698547521,-72.56746356956042,,1,1,1,111,1,2,0
,3.629534022387333,-73.31272058813884,,1,1,1,111,1,2,0
,4.202389617222079,-72.00597937251798,,1,1,1,111,1,2,0
,4.065639371457405,-72.10263908109998,,1,1,1,111,1,2,0
,4.164441751484588,-72.48344881660267,,1,1,1,111,1,2,0
,4.320672516675868,-73.12301147100727,,1,1,1,111,1,2,0
,4.721458612881846,-71.72839686575412,,1,1,1,111,1,2,0
,3.659026751444484,-73.23026414972497,,1,1,1,111,1,2,0
,4.660806734831894,-73.46346256227109,,1,1,1,111,1,2,0
,3.957131228930784,-71.90063483375826,,1,1,1,111,1,2,0
,3.912684898689732,-73.74217880583569,,1,1,1,111,1,2,0
,4.172664317592616,-71.78433394246755,,1,1,1,111,1,2,0
,3.862550703160969,-73.52512807115356,,1,1,1,111,1,2,0
,4.353858276882187,-72.64358966817213,,1,1,1,111,1,2,0
,4.6112120296565156,-73.3004883692834,,1,1,1,111,1,2,0
,4.008998210172438,-71.54278900168038,,1,1,1,111,1,2,0
,3.855360872472339,-72.11418446581347,,1,1,1,111,1,2,0
,4.411018035851326,-73.50017875608981,,1,1,1,111,1,2,0
,3.91033218416085,-73.85246558229923,,1,1,1,111,1,2,0
,3.2773380289816467,-72.99412147149393,,1,1,1,111,1,2,0
,4.353315413161178,-72.48045630822654,,1,1,1,111,1,2,0
,4.077631321092393,-71.53599394591373,,1,1,1,111,1,2,0
,4.156954155096919,-72.632127989164,,1,1,1,111,1,2,0
,3.470152829828704,-73.58255948356687,,1,1,1,111,1,2,0
,3.9274145999413466,-72.29852839416132,,1,1,1,111,1,2,0
,3.6577232223363443,-73.09697777769081,,1,1,1,111,1,2,0
,3.4758480386532806,-73.15724722214787,,1,1,1,111,1,2,0
,3.5997077309913053,-72.5732767503037,,1,1,1,111,1,2,0
,4.108521154984032,-72.39214394891901,,1,1,1,111,1,2,0
,4.2979666975459025,-73.4148945478343,,1,1,1,111,1,2,0
,3.6366533567839787,-72.07428555086123,,1,1,1,111,1,2,0
,3.8526377051199954,-73.64533201972102,,1,1,1,111,1,2,0
,3.336545172436532,-72.62559532965307,,1,1,1,111,1,2,0
,3.5067019557910637,-73.67541511394941,,1,1,1,111,1,2,0
,3.6266545866155306,-71.91508959381028,,1,1,1,111,1,2,0
,3.5389492618342175,-73.05333840203359,,1,1,1,111,1,2,0
,4.712980539427548,-73.68342070128986,,1,1,1,111,1,2,0
,4.51366319244071,-71.66065300757742,,1,1,1,111,1,2,0
,4.303978715063751,-72.0506476432007,,1,1,1,111,1,2,0
,4.433496117229462,-71.76869799708675,,1,1,1,111,1,2,0
,4.465604520762431,-73.75600299165087,,1,1,1,111,1,2,0
,3.4114495640649793,-72.00952579996994,,1,1,1,111,1,2,0
,4.068325554765659,-73.04156984330129,,1,1,1,111,1,2,0
,4.711531669423344,-72.72595473234864,,1,1,1,111,1,2,0
,3.64284245817192,-71.87488175985456,,1,1,1,111,1,2,0
,3.9423362951321828,-72.85861197160567,,1,1,1,111,1,2,0
,3.788948520204839,-71.45294628257685,,1,1,1,111,1,2,0
,3.31518286432847,-73.4775104758283,,1,1,1,111,1,2,0
,4.1767353495745585,-71.8392401023189,,1,1,1,111,1,2,0
,3.9728663696269426,-71.65590594933782,,1,1,1,111,1,2,0
,3.5065355520088084,-72.82429995826206,,1,1,1,111,1,2,0
,3.7358569111588,-72.47357376587965,,1,1,1,111,1,2,0
,4.524382097708163,-73.13517768876021,,1,1,1,111,1,2,0
,4.534413793559595,-72.76375594637356,,1,1,1,111,1,2,0
,4.239891251876099,-72.92581692776633,,1,1,1,111,1,2,0
,3.4906858254170907,-73.6864524037886,,1,1,1,111,1,2,0
,3.4339299673770602,-73.33010875548754,,1,1,1,111,1,2,0
,3.3978553991084484,-73.73120536015216,,1,1,1,111,1,2,0
,3.52444159161431,-73.86249208198916,,1,1,1,111,1,2,0
,4.023384757200939,-72.23297366784355,,1,1,1,111,1,2,0
,4.0518924458168915,-71.76379799418095,,1,1,1,111,1,2,0
,4.133943226523492,-71.98133017950973,,1,1,1,111,1,2,0
,3.3712992021243195,-72.16835247966868,,1,1,1,111,1,2,0
,3.8150516707044844,-73.29892999650569,,1,1,1,111,1,2,0
,3.8710879171059975,-72.19729466844157,,1,1,1,111,1,2,0
,4.404703494145658,-73.73443678327331,,1,1,1,111,1,2,0
,4.082535565157874,-73.42739477662974,,1,1,1,111,1,2,0
,3.816101932022485,-72.45337184969843,,1,1,1,111,1,2,0
,4.075220745897736,-72.41404175516676,,1,1,1,111,1,2,0
,4.488305836850636,-71.60951358229664,,1,1,1,111,1,2,0
,3.7266649922650346,-72.27975570059617,,1,1,1,111,1,2,0
,4.458095462926144,-72.46040528455923,,1,1,1,111,1,2,0
,4.602995616887703,-72.09898575140048,,1,1,1,111,1,2,0
,4.294192699727892,-71.81122072201065,,1,1,1,111,1,2,0
,4.370042614133605,-71.54700356126362,,1,1,1,111,1,2,0
,3.61203067833872,-73.49598189016213,,1,1,1,111,1,2,0
,4.047243472262551,-71.58069642461803,,1,1,1,111,1,2,0
,3.80436839870337,-72.21133074421518,,1,1,1,111,1,2,0
,4.56436309692987,-73.48453393292584,,1,1,1,111,1,2,0
,3.323841067852806,-71.96948925182068,,1,1,1,111,1,2,0
,4.706001242763827,-72.89508267691075,,1,1,1,111,1,2,0
,3.8297377231445404,-71.9086008044496,,1,1,1,111,1,2,0
,3.7915975526210075,-72.28853784260198,,1,1,1,111,1,2,0
,3.471454549854252,-73.65435990057524,,1,1,1,111,1,2,0
,3.689303534409551,-73.13678561044439,,1,1,1,111,1,2,0
,3.771650113324437,-73.36042385742935,,1,1,1,111,1,2,0
,3.6474288074001966,-71.89704046481492,,1,1,1,111,1,2,0
,4.046783400599976,-72.87238259010755,,1,1,1,111,1,2,0
,4.226037087912886,-72.55894357914941,,1,1,1,111,1,2,0
,4.299466605667452,-73.44147422148363,,1,1,1,111,1,2,0
,4.668453079966389,-72.4838090932153,,1,1,1,111,1,2,0
,4.52327751767201,-72.24978201404032,,1,1,1,111,1,2,0
,4.728535474726411,-72.75084638792718,,1,1,1,111,1,2,0
,4.688126313135745,-73.48703446043983,,1,1,1,111,1,2,0
,4.444414663503839,-72.33363004658295,,1,1,1,111,1,2,0
,4.54541710829873,-71.88825771136041,,1,1,1,111,1,2,0
,4.375448973141768,-71.97221106476199,,1,1,1,111,1,2,0
,3.5404440698768798,-72.19227352184967,,1,1,1,111,1,2,0
,4.661009672694469,-72.62297348722322,,1,1,1,111,1,2,0
,3.9867047420585138,-73.3462703092876,,1,1,1,111,1,2,0
,4.514088222884297,-73.4284684337337,,1,1,1,111,1,2,0
,4.314054218624019,-71.79108816869805,,1,1,1,111,1,2,0
,3.3617338124851823,-73.40630440488364,,1,1,1,111,1,2,0
,3.5973665589033934,-73.27940444582947,,1,1,1,111,1,2,0
,4.220384764428362,-72.27487343223538,,1,1,1,111,1,2,0
,4.118255136436713,-72.57849430622652,,1,1,1,111,1,2,0
,3.536783863116965,-71.75808262272739,,1,1,1,111,1,2,0
,3.4762772774669637,-72.50845026729554,,1,1,1,111,1,2,0
,3.273793563350916,-73.5033461289833,,1,1,1,111,1,2,0
